{"North Europe":{"fat_100g":14.315642904290442,"proteins_100g":7.149060362173043,"carbohydrates_100g":28.460266844562994},"Central Europe":{"fat_100g":13.048706664470458,"proteins_100g":7.593973108323415,"carbohydrates_100g":27.95382004300328},"South Europe":{"fat_100g":13.084852536360396,"proteins_100g":6.0979650623885835,"carbohydrates_100g":27.231592198581563}}